--Proveedor
insert into PROVEDOR values(1,'Proveedor A', 'Calle 17, Avenida 23', 22547896, 'mailprovA@gmail.com','Manta','Ecuador');
insert into PROVEDOR values(2,'Proveedor B', 'Jose de Artepada 1306 y Aguiller', 23658974, 'mailprovB@gmail.com','Guayaquil','Ecuador');
insert into PROVEDOR values(3,'Proveedor C', 'Guaranda 1801 y Venezuela', 23458594, 'mailprovC@gmail.com','Guayaquil','Ecuador');
insert into PROVEDOR values(4,'Proveedor D', 'av. Quito 402 Padre Solano', 24569875, 'mailprovD@gmail.com','Guayaquil','Ecuador');
insert into PROVEDOR values(5,'Proveedor E', 'Juan Leon Mera Nro. 19-36', 22456358, 'mailprovE@gmail.com','Quito','Ecuador');
insert into PROVEDOR values(6,'Proveedor F', 'Av. Amazonas N40-71', 21367843, 'mailprovF@gmail.com','Quito','Ecuador');
insert into PROVEDOR values(7,'Proveedor G', 'Panama 300 y Padre Aguirre', 25379452, 'mailprovG@gmail.com','Manta','Ecuador');
insert into PROVEDOR values(8,'Proveedor H', 'Calle Luis Cordero y Avenida Venezuela', 26357942, 'mailprovH@gmail.com','Guayaquil','Ecuador');
insert into PROVEDOR values(9,'Proveedor I', 'Av. Circumbalacion', 22159786, 'mailprovI@gmail.com','Quito','Ecuador');

--Marca
insert into MARCA values(1,'Stanley');
insert into MARCA values(2,'DeWalt');
insert into MARCA values(3,'Klein');
insert into MARCA values(4,'Bosch');
insert into MARCA values(5,'Truper');
insert into MARCA values(6,'Skil');
insert into MARCA values(7,'Square D');

-- CATEGORIA
insert into CATEGORIA values (1,'Herramientas Manuales');
insert into CATEGORIA values (2,'Herramientas Electricas');
insert into CATEGORIA values (3,'Material de Construcción');


--CARGO
Insert into CARGO values ('GEGE','Gerente General');
Insert into CARGO values ('JRHU','Jefe de Recursos Humanos');
Insert into CARGO values ('JEBO','Jefe de Bodega');
Insert into CARGO values ('BODE','Bodeguero');
Insert into CARGO values ('CARG','Cargador');
Insert into CARGO values ('VEND','Vendedor');
Insert into CARGO values ('AAAC','Agente de atención al cliente');
Insert into CARGO values ('CONT','Contador');
Insert into CARGO values ('GUAR','Guardia de seguridad');


--PRODUCTOS
Insert into PRODUCTO values (1,2,2,1,'Taladro 3/8 bateria',180.00);
Insert into PRODUCTO values (2,2,2,1,'Caladora 120V',125.00);
Insert into PRODUCTO values (3,4,2,1,'Taladro 1/2 120V',135.00);
Insert into PRODUCTO values (4,4,2,1,'Taladro 1/2 120V con rotomartillo',220.00);
Insert into PRODUCTO values (5,4,2,1,'Taladro 3/8 portátil',110.00);
Insert into PRODUCTO values (6,1,3,2,'Bolsa de cemento',9.90);
Insert into PRODUCTO values (7,1,2,2,'Batería 1.5V',1.80);
Insert into PRODUCTO values (8,4,2,2,'Batería 9V',2.80);
Insert into PRODUCTO values (9,3,2,2,'Tomacorriente con polarización',1.30);
Insert into PRODUCTO values (10,2,2,3,'Tomacorriente sin polarización',0.85);
Insert into PRODUCTO values (11,7,2,3,'Lámpara fluorescente 20 pulgadas General Electric',3.50);
Insert into PRODUCTO values (12,3,2,4,'Bombilla 60W',0.40);
Insert into PRODUCTO values (13,3,2,4,'Bombilla halógena 120W',2.40);
Insert into PRODUCTO values (14,2,1,4,'Lata de pintura (galón)',5.40);
Insert into PRODUCTO values (15,4,1,5,'Cubeta de pintura (5 galones)',30.00);
Insert into PRODUCTO values (16,7,1,5,'Lata de pintura (galón)',6.40);
Insert into PRODUCTO values (17,1,1,5,'Set destornilladores',16.90);
Insert into PRODUCTO values (18,1,1,7,'Martillo de carpintería',8.60);
Insert into PRODUCTO values (19,5,1,7,'Mazo',15.00);
Insert into PRODUCTO values (20,5,2,7,'Portalámparas 20 pulgadas',12.00);
Insert into PRODUCTO values (21,4,2,7,'Portalámparas 40 pulgadas',22.00);
Insert into PRODUCTO values (22,5,2,1,'Electroducha 220V 30A 5500W',99.00);
Insert into PRODUCTO values (23,5,2,1,'Electroducha 120V 50A 6000W',64.00);
Insert into PRODUCTO values (25,5,1,1,'Válvula 1/2',0.50);
Insert into PRODUCTO values (26,5,1,8,'Llave de paso 1/2',0.90);
Insert into PRODUCTO values (27,6,1,8,'Silicón Industrial 300ml',3.40);
Insert into PRODUCTO values (28,4,2,8,'Centro de carga 12 slots Cutler-Hammer',12.00);
Insert into PRODUCTO values (29,5,2,9,'Centro de carga 24 slots Cutler-Hammer',21.00);
Insert into PRODUCTO values (30,7,2,3,'Centro de carga 12 slots Square D',18.00);
Insert into PRODUCTO values (31,7,2,9,'Centro de carga 24 slots Square D',30.00);
Insert into PRODUCTO values (32,5,2,9,'Batería 12V',5.00);
Insert into PRODUCTO values (33,2,1,9,'Set sierras para caladora',9.80);
Insert into PRODUCTO values (34,4,1,7,'Set brocas para taladro 1/2',12.00);
Insert into PRODUCTO values (35,5,1,1,'Set brocas para taladro 3/8',24.00);
Insert into PRODUCTO values (36,3,1,1,'Tenaza',1.20);
Insert into PRODUCTO values (37,5,1,1,'Serrucho grande',7.30);
Insert into PRODUCTO values (38,5,1,1,'Serrucho pequeño',4.80);
Insert into PRODUCTO values (39,5,1,1,'Brocha 4 pulgadas',1.60);
Insert into PRODUCTO values (40,1,2,1,'Pulidora estándar',80.00);
Insert into PRODUCTO values (41,1,1,2,'Pegamento industrial',1.20);
Insert into PRODUCTO values (42,7,2,2,'Breaker 10A Cutler-Hammer',4.00);
Insert into PRODUCTO values (43,7,2,2,'Breaker 20A Cutler-Hammer',5.40);
Insert into PRODUCTO values (44,2,2,1,'Breaker 30A Cutler-Hammer',6.20);
Insert into PRODUCTO values (45,2,2,4,'Breaker Doble 40A Cutler-Hammer',8.00);
Insert into PRODUCTO values (46,1,2,8,'Breaker Doble 50A Cutler-Hammer',9.00);
Insert into PRODUCTO values (47,1,1,6,'Cerradura para puerta',12.80);
Insert into PRODUCTO values (48,5,2,3,'Multímetro',25.00);
Insert into PRODUCTO values (49,5,1,7,'Pala',12.50);
Insert into PRODUCTO values (50,1,1,8,'Metro 3m',3.00);
Insert into PRODUCTO values (51,1,1,9,'Metro 5m',4.00);
Insert into PRODUCTO values (52,5,1,5,'Machete',8.80);
Insert into PRODUCTO values (53,1,1,4,'Cinta aislante estándar',0.45);
Insert into PRODUCTO values (54,2,1,1,'Cinta aislante Scott',0.90);
Insert into PRODUCTO values (55,3,2,2,'Interruptor sencillo',1.20);
Insert into PRODUCTO values (56,2,2,5,'Interruptor doble',2.30);
Insert into PRODUCTO values (57,5,2,6,'Roseta',0.90);
Insert into PRODUCTO values (58,1,1,7,'Cuchilla de electricista',3.80);
Insert into PRODUCTO values (59,6,1,7,'Navaja suiza',9.90);
Insert into PRODUCTO values (60,3,1,6,'Tenaza cortadora',2.80);
Insert into PRODUCTO values (61,1,2,1,'Probador 100-500V',3.00);
Insert into PRODUCTO values (62,5,1,1,'Barra de uña',21.00);
Insert into PRODUCTO values (63,1,1,1,'Nivel pequeño',2.80);
Insert into PRODUCTO values (64,1,1,1,'Nivel grande',3.60);
Insert into PRODUCTO values (65,5,1,4,'Piocha',5.00);
Insert into PRODUCTO values (66,6,1,2,'Candado pequeño',6.00);
Insert into PRODUCTO values (67,6,1,2,'Candado mediano',8.00);
Insert into PRODUCTO values (68,6,1,3,'Candado grande',10.5);
Insert into PRODUCTO values (69,5,2,4,'Lámina de aluminio c24',6.80);
Insert into PRODUCTO values (70,4,2,8,'Lámina de aluminio c26',7.20);
Insert into PRODUCTO values (71,3,1,1,'Tanque de agua Rotoplas (5 toneles)',220.00);
Insert into PRODUCTO values (72,7,2,8,'Breaker 10A Square D',4.50);
Insert into PRODUCTO values (73,7,2,8,'Breaker 20A Square D',5.50);
Insert into PRODUCTO values (74,7,2,1,'Breaker Doble 40A Square D',6.75);
Insert into PRODUCTO values (75,5,1,1,'Llave inglesa',12.5);

-- SUCURSAL

Insert into SUCURSAL values (1,'Sucursal A','mailsucursalA@gmail.com',22453333);
Insert into SUCURSAL values (2,'Sucursal B','mailsucursalB@gmail.com',22241698);
Insert into SUCURSAL values (3,'Sucursal C','mailsucursalC@gmail.com',23454563);

--EMPLEADOS
Insert into EMPLEADO values ('E1','AAAC',1,1315215546,'Vargas Pineda','Alejandra','calle 13 entre avenidas 7 y 8 edificio Luizan',22462864,0998200047,'vargasalejandra@gmail.com',800.00,75.6,724.4);
Insert into EMPLEADO values ('E2','GEGE',1,1315451248,'Cuadra Vásquez','Fernando','Malecón y calle 14',22334455,0933254585,'cuadrafernandoz@gmail.com',1400,132.3,1276.7);
Insert into EMPLEADO values ('E3','JEBO',1,1315478655,'Padilla Cardona','Juan','ave. 4 # 1239 – 1245 entre calles 12 y 13',22689654,0999865352,'juanpadilla@gmail.com',800.00,75.6,724.4);
Insert into EMPLEADO values ('E4','JRHU',1,1315749245,'Bennett García','Rosa','Ave. 4 de Noviembre C.C. Paseo Shopping',22363658,0999635214,'rosabennrtt@gmail.com',800.00,75.6,724.4);
Insert into EMPLEADO values ('E5','JRHU',2,1315315652,'Reyes Vargas','Andrés','ave. 2 entre calles 12 y 13',23147360,0933589610,'andresreyes@gmail.com',800.00,75.6,724.4);
Insert into EMPLEADO values ('E6','CONT',1,1315485585,'Verde Godoy','Miguel',' Malecón de Tarqui calle 109, frente al mar, al pie de la nueva vía Puerto-Aeropuerto.',25361478,0934521589,'miguelverde@gmail.com',800.00,75.6,724.4);
Insert into EMPLEADO values ('E7','GUAR',1,1315748954,'Maradiaga Peralta','Henry','Malecón y calle 24',25149898,0933251570,'henrymaradiaga@gmail.com',750.00,70.8,679.2);
Insert into EMPLEADO values ('E8','GUAR',2,1315749485,'Rosales Arguijo','Norman','Calle 105 y avenida 109',22360014,0998632548,'normanrosales@gmail.com',750.00,70.8,679.2);
Insert into EMPLEADO values ('E9','GUAR',3,1316451485,'Mendoza Verde','Antonio','Avenida 1 y calle 11',23451223,0999963251,'antoniomendoza@gmail.com',750.00,70.8,679.2);
Insert into EMPLEADO values ('E10','AAAC',2,1315485546,'Vargas Mendoza','María','calle 17 y ave. 24',25653221,0933569025,'mariavargas@gmail.com',800.00,75.6,724.4);
Insert into EMPLEADO values ('E11','AAAC',3,1315641788,'Pineda Cuadra','Jorge',' Avenida Flavio Reyes y calle 22',25548798,0999965325,'jorgepineda@gmail.com',800.00,75.6,724.4);
Insert into EMPLEADO values ('E12','BODE',1,1315256545,'Carranza Padilla','Donaldo','ave. 7 y calle 17 Barrio Córdova',22362514,0933256395,'donaldocarranza@gmail.com',600.00,56.7,543.3);
Insert into EMPLEADO values ('E13','BODE',1,1315745245,'Mendoza Amaya','Erick','Ave. 3 calle 15',22589647,0934259681,'erickmendoza@gmail.com',600.00,56.7,543.3);
Insert into EMPLEADO values ('E14','BODE',1,1315485682,'Maradiaga Bennett','Ivan','Malecón y calle 17',22336644,0933002537,'ivanmaradiaga@gmail.com',600.00,56.7,543.3);
Insert into EMPLEADO values ('E15','BODE',1,1315415552,'Acosta Maradiaga','Cynthia',' Av. 24 y calle M-2',22558899,0998636585,'cynthiaacosta@gmail.com',600.00,56.7,543.3);
Insert into EMPLEADO values ('E16','BODE',2,1315785698,'Duarte Reyes','Shirley','Av. Circunvalación y Flavio Reyes',22447788,0999863258,'shirleyduarte@gmail.com',600.00,56.7,543.3);
Insert into EMPLEADO values ('E17','BODE',2,1315524858,'Espino Rosales','Fernando','Vía Manta-San Mateo , Playa Piedra Larga',22221144,0934256988,'fernandoespino@gmail.com',600.00,56.7,543.3);
Insert into EMPLEADO values ('E18','CARG',1,1315548585,'López Ramos','Raúl','Avenida Flavio Reyes y calle 20',22698574,0933885020,'raullopez@gmail.com',600.00,56.7,543.3);
Insert into EMPLEADO values ('E19','CARG',1,1314641857,'Ponce Duarte','Carlos',' Avenida 24 entre Flavio Reyes y 20',22547890,0999693698,'carlosponce@gmail.com',600.00,56.7,543.3);
Insert into EMPLEADO values ('E20','CARG',1,1315465448,'Rodríguez Acosta','Junior','Avenida 1 y calle 12',22023654,0933562541,'juniorrodriguez@gmail.com',600.00,56.7,543.3);
Insert into EMPLEADO values ('E21','CARG',1,1315645752,'Calderón Mendoza','David','Flavio Reyes y ave. 21',22759685,0999865896,'davidcalderon@gmail.com',600.00,56.7,543.3);
Insert into EMPLEADO values ('E22','CARG',2,1315478945,'Escobar Carranza','Víctor','Ave. Circunvalación y vía San Mateo',22859132,0933520021,'victorescobar@gmail.com',600.00,56.7,543.3);
Insert into EMPLEADO values ('E23','CARG',2,1315457925,'Cruz Dubón','Yadira','Malecón entre calles 15 y 16',23960120,0933560020,'yadiracruz@gmail.com',600.00,56.7,543.3);
Insert into EMPLEADO values ('E24','CARG',3,1315146545,'Tróchez Calderón','Conny','Vía Jaramijó- Entrada aeropuerto',24251010,0999006525,'connytrochez@gmail.com',600.00,56.7,543.3);
Insert into EMPLEADO values ('E25','CARG',3,1315647894,'Rosales Ponce','Saúl','calle 19 y malecón Edif. El Navio',22000036,0995287536,'saulrosales@gmail.com',600.00,56.7,543.3);
Insert into EMPLEADO values ('E26','BODE',2,1315488943,'Flores López','Alexa',' ave. Malecón s/n y calle 23',22150308,0909854752,'alexaflores@gmail.com',600.00,56.7,543.3);
Insert into EMPLEADO values ('E27','BODE',2,1315486723,'Tróchez Cruz','Eliana','ave. de la cultura',24125050,0995362541,'elianatrochez@gmail.com',600.00,56.7,543.3);
Insert into EMPLEADO values ('E28','BODE',3,1315478524,'López Gutiérrez','Nolvia','ave. 2 y calle 13',24213232,0996325487,'nolvialopez@gmail.com',600.00,56.7,543.3);
Insert into EMPLEADO values ('E29','BODE',3,1313588745,'López Vaquedano','Ramón',' malecón y calle 14',22896301,0997523654,'ramongutierrez@gmail.com',600.00,56.7,543.3);
Insert into EMPLEADO values ('E30','BODE',3,1314884742,'Escobar Tróchez','José','ave. malecón y calle 17 Esq',22458703,0998745213,'joseescobar@gmail.com',600.00,56.7,543.3);
Insert into EMPLEADO values ('E31','VEND',1,1312635487,'Sarmiento Espino','José','ave. 2 entre calles 12 y 13',24501523,0995004875,'josesarmiento@gmail.com',600.00,56.7,543.3);
Insert into EMPLEADO values ('E32','VEND',1,1315574887,'Santamaria Escobar','Jorge','Ave. 2 entre calles 11 y 12',27259653,0997526325,'jorgesantamaria@gmail.com',600.00,56.7,543.3);
Insert into EMPLEADO values ('E33','VEND',1,1315457415,'Matamoros Rodríguez','Eduardo','ave. 8 entre calles 12 y 13',24121202,0998632587,'eduardomatamoros@gmail.com',600.00,56.7,543.3);
Insert into EMPLEADO values ('E34','VEND',2,1315145412,'Van Nistelrooy','Ruth','ave. 2 entre calles 18 y 19',22309483,0933630356,'ruthvam@gmail.com',600.00,56.7,543.3);
Insert into EMPLEADO values ('E35','VEND',2,1315174896,'Gutiérrez Matamoros','Alberto','ave. 22 entre calles 12 y 13',22485120,0995870005,'albertogutierrez@gmail.com',600.00,56.7,543.3);
Insert into EMPLEADO values ('E36','VEND',2,1315498552,'Dubón Sarmiento','Ana','ave. 21 entre calles 16 y 17',23629584,0933025400,'anadubon@gmail.com',600.00,56.7,543.3);
Insert into EMPLEADO values ('E37','VEND',2,1315485982,'Vaquedano López','Edsson','ave. 11 entre calles 10 y 11',25848471,0995200037,'edssonvaquedano@gmail.com',600.00,56.7,543.3);

--LOTE
Insert into LOTE values (1,1,1,'2020-11-12',3714.00,300.00,30950.00);
Insert into LOTE values (2,2,2,'2020-11-30',1830.05,100.00,15250.4);
Insert into LOTE values (3,3,1,'2020-12-7',1248.00,136.00,10400.00);
Insert into LOTE values (4,1,3,'2020-11-12',3714.00,300.00,30950.00);
Insert into LOTE values (5,2,4,'2020-11-30',1830.05,100.00,15250.4);
Insert into LOTE values (6,3,5,'2020-12-7',1248.00,136.00,10400.00);
Insert into LOTE values (7,1,6,'2020-11-25',3714.00,300.00,30950.00);
Insert into LOTE values (8,2,7,'2020-11-28',1830.05,100.00,15250.4);
Insert into LOTE values (9,3,8,'2020-12-3',1248.00,136.00,10400.00);



--DETALLE_LOTE
Insert into DETALLE_LOTE values (1,1,50,28.00);
Insert into DETALLE_LOTE values (1,2,12,125.00);
Insert into DETALLE_LOTE values (1,3,12,135.00);
Insert into DETALLE_LOTE values (1,4,12,220.00);
Insert into DETALLE_LOTE values (1,5,12,110.00);
Insert into DETALLE_LOTE values (1,6,50,9.90);
Insert into DETALLE_LOTE values (1,7,50,1.80);
Insert into DETALLE_LOTE values (1,8,50,2.80);
Insert into DETALLE_LOTE values (1,9,50,1.30);
Insert into DETALLE_LOTE values (1,10,50,0.85);
Insert into DETALLE_LOTE values (1,11,50,3.50);
Insert into DETALLE_LOTE values (1,12,50,0.40);
Insert into DETALLE_LOTE values (1,13,50,2.40);
Insert into DETALLE_LOTE values (1,14,50,5.40);
Insert into DETALLE_LOTE values (1,15,50,30.00);
Insert into DETALLE_LOTE values (1,16,50,6.40);
Insert into DETALLE_LOTE values (1,17,50,16.90);
Insert into DETALLE_LOTE values (1,18,12,8.60);
Insert into DETALLE_LOTE values (1,19,50,15.00);
Insert into DETALLE_LOTE values (1,20,50,12.00);
Insert into DETALLE_LOTE values (1,21,50,22.00);
Insert into DETALLE_LOTE values (1,22,50,99.00);
Insert into DETALLE_LOTE values (1,23,50,64.00);
Insert into DETALLE_LOTE values (1,25,50,0.90);
Insert into DETALLE_LOTE values (1,26,50,3.40);
Insert into DETALLE_LOTE values (1,27,50,12.00);
Insert into DETALLE_LOTE values (1,28,50,21.00);
Insert into DETALLE_LOTE values (1,29,50,18.00);
Insert into DETALLE_LOTE values (1,30,50,30.00);
Insert into DETALLE_LOTE values (1,31,12,5.00);
Insert into DETALLE_LOTE values (1,32,50,9.80);
Insert into DETALLE_LOTE values (1,33,12,12.00);
Insert into DETALLE_LOTE values (1,34,50,24.00);
Insert into DETALLE_LOTE values (1,35,50,1.20);
Insert into DETALLE_LOTE values (1,36,50,7.30);
Insert into DETALLE_LOTE values (1,37,50,4.80);
Insert into DETALLE_LOTE values (1,38,50,1.60);
Insert into DETALLE_LOTE values (1,39,50,80.00);
Insert into DETALLE_LOTE values (1,40,50,1.20);
Insert into DETALLE_LOTE values (1,41,50,4.00);
Insert into DETALLE_LOTE values (1,42,12,5.40);
Insert into DETALLE_LOTE values (1,43,50,6.20);
Insert into DETALLE_LOTE values (1,44,50,8.00);
Insert into DETALLE_LOTE values (1,45,50,9.00);
Insert into DETALLE_LOTE values (1,46,50,12.80);
Insert into DETALLE_LOTE values (1,47,50,25.00);
Insert into DETALLE_LOTE values (1,48,50,12.50);
Insert into DETALLE_LOTE values (1,49,50,3.00);
Insert into DETALLE_LOTE values (1,50,50,4.00);
Insert into DETALLE_LOTE values (1,51,50,8.80);
Insert into DETALLE_LOTE values (1,52,50,0.45);
Insert into DETALLE_LOTE values (1,53,50,0.90);
Insert into DETALLE_LOTE values (1,54,50,1.20);
Insert into DETALLE_LOTE values (1,55,50,2.30);
Insert into DETALLE_LOTE values (1,56,50,0.90);
Insert into DETALLE_LOTE values (1,57,50,3.80);
Insert into DETALLE_LOTE values (1,58,50,9.90);
Insert into DETALLE_LOTE values (1,59,50,2.80);
Insert into DETALLE_LOTE values (1,60,50,3.00);
Insert into DETALLE_LOTE values (1,61,50,21.00);
Insert into DETALLE_LOTE values (1,62,50,2.80);
Insert into DETALLE_LOTE values (1,63,50,3.60);
Insert into DETALLE_LOTE values (1,64,50,5.00);
Insert into DETALLE_LOTE values (1,65,50,6.00);
Insert into DETALLE_LOTE values (1,66,50,8.00);
Insert into DETALLE_LOTE values (1,67,50,10.5);
Insert into DETALLE_LOTE values (1,68,50,6.80);
Insert into DETALLE_LOTE values (1,69,50,7.20);
Insert into DETALLE_LOTE values (1,70,50,220.00);
Insert into DETALLE_LOTE values (1,71,50,4.50);
Insert into DETALLE_LOTE values (1,72,50,5.50);
Insert into DETALLE_LOTE values (1,73,12,6.75);
Insert into DETALLE_LOTE values (1,74,50,12.5);
Insert into DETALLE_LOTE values (2,1,50,28.00);
Insert into DETALLE_LOTE values (2,2,12,125.00);
Insert into DETALLE_LOTE values (2,3,12,135.00);
Insert into DETALLE_LOTE values (2,4,12,220.00);
Insert into DETALLE_LOTE values (2,5,12,110.00);
Insert into DETALLE_LOTE values (2,6,50,9.90);
Insert into DETALLE_LOTE values (2,7,50,1.80);
Insert into DETALLE_LOTE values (2,8,50,2.80);
Insert into DETALLE_LOTE values (2,9,50,1.30);
Insert into DETALLE_LOTE values (2,10,50,0.85);
Insert into DETALLE_LOTE values (2,11,50,3.50);
Insert into DETALLE_LOTE values (2,12,50,0.40);
Insert into DETALLE_LOTE values (2,13,50,2.40);
Insert into DETALLE_LOTE values (2,14,50,5.40);
Insert into DETALLE_LOTE values (2,15,50,30.00);
Insert into DETALLE_LOTE values (2,16,50,6.40);
Insert into DETALLE_LOTE values (2,17,50,16.90);
Insert into DETALLE_LOTE values (2,18,12,8.60);
Insert into DETALLE_LOTE values (2,19,50,15.00);
Insert into DETALLE_LOTE values (2,20,50,12.00);
Insert into DETALLE_LOTE values (2,21,50,22.00);
Insert into DETALLE_LOTE values (2,22,50,99.00);
Insert into DETALLE_LOTE values (2,23,50,64.00);
Insert into DETALLE_LOTE values (2,25,50,0.50);
Insert into DETALLE_LOTE values (2,26,50,0.90);
Insert into DETALLE_LOTE values (2,27,50,3.40);
Insert into DETALLE_LOTE values (2,28,50,12.00);
Insert into DETALLE_LOTE values (2,29,50,21.00);
Insert into DETALLE_LOTE values (2,30,50,18.00);
Insert into DETALLE_LOTE values (2,31,12,30.00);
Insert into DETALLE_LOTE values (2,32,50,5.00);
Insert into DETALLE_LOTE values (2,33,12,9.80);
Insert into DETALLE_LOTE values (2,34,50,12.00);
Insert into DETALLE_LOTE values (2,35,50,24.00);
Insert into DETALLE_LOTE values (2,36,50,1.20);
Insert into DETALLE_LOTE values (2,37,50,7.30);
Insert into DETALLE_LOTE values (2,38,50,4.80);
Insert into DETALLE_LOTE values (2,39,50,1.60);
Insert into DETALLE_LOTE values (2,40,50,80.00);
Insert into DETALLE_LOTE values (2,41,50,1.20);
Insert into DETALLE_LOTE values (2,42,12,4.00);
Insert into DETALLE_LOTE values (2,43,50,5.40);
Insert into DETALLE_LOTE values (3,44,50,6.20);
Insert into DETALLE_LOTE values (3,45,50,8.00);
Insert into DETALLE_LOTE values (3,46,50,9.00);
Insert into DETALLE_LOTE values (3,47,50,12.80);
Insert into DETALLE_LOTE values (3,48,50,25.00);
Insert into DETALLE_LOTE values (3,49,50,12.50);
Insert into DETALLE_LOTE values (3,50,50,3.00);
Insert into DETALLE_LOTE values (3,51,50,4.00);
Insert into DETALLE_LOTE values (3,52,50,8.80);
Insert into DETALLE_LOTE values (3,53,50,0.45);
Insert into DETALLE_LOTE values (3,54,50,0.90);
Insert into DETALLE_LOTE values (3,55,50,1.20);
Insert into DETALLE_LOTE values (3,56,50,2.30);
Insert into DETALLE_LOTE values (3,57,50,0.90);
Insert into DETALLE_LOTE values (3,58,50,3.80);
Insert into DETALLE_LOTE values (3,59,50,9.90);
Insert into DETALLE_LOTE values (3,60,50,2.80);
Insert into DETALLE_LOTE values (3,61,50,3.00);
Insert into DETALLE_LOTE values (3,62,50,21.00);
Insert into DETALLE_LOTE values (3,63,50,2.80);
Insert into DETALLE_LOTE values (3,64,50,3.00);
Insert into DETALLE_LOTE values (3,65,50,21.00);
Insert into DETALLE_LOTE values (3,66,50,2.80);
Insert into DETALLE_LOTE values (3,67,50,3.60);
Insert into DETALLE_LOTE values (3,68,50,5.00);
Insert into DETALLE_LOTE values (3,69,50,6.00);
Insert into DETALLE_LOTE values (3,70,50,8.00);
Insert into DETALLE_LOTE values (3,71,50,10.5);
Insert into DETALLE_LOTE values (3,72,50,6.80);
Insert into DETALLE_LOTE values (3,73,12,7.20);
Insert into DETALLE_LOTE values (3,74,50,220.00);
Insert into DETALLE_LOTE values (3,75,50,6.75);
Insert into DETALLE_LOTE values (4,1,100,28.00);
Insert into DETALLE_LOTE values (5,2,12,125.00);
Insert into DETALLE_LOTE values (6,3,15,135.00);
Insert into DETALLE_LOTE values (7,4,12,220.00);
Insert into DETALLE_LOTE values (8,5,80,110.00);
Insert into DETALLE_LOTE values (9,6,150,9.90);
Insert into DETALLE_LOTE values (4,7,60,1.80);
Insert into DETALLE_LOTE values (5,8,50,2.80);
Insert into DETALLE_LOTE values (6,9,50,1.30);
Insert into DETALLE_LOTE values (7,10,50,0.85);
Insert into DETALLE_LOTE values (8,11,50,3.50);
Insert into DETALLE_LOTE values (9,12,50,0.40);
Insert into DETALLE_LOTE values (4,13,50,2.40);
Insert into DETALLE_LOTE values (5,14,50,5.40);
Insert into DETALLE_LOTE values (6,15,50,30.00);
Insert into DETALLE_LOTE values (7,16,25,6.40);
Insert into DETALLE_LOTE values (8,17,50,16.90);
Insert into DETALLE_LOTE values (9,49,33,3.00);
Insert into DETALLE_LOTE values (4,50,50,4.00);
Insert into DETALLE_LOTE values (5,51,50,8.80);
Insert into DETALLE_LOTE values (6,52,165,0.45);
Insert into DETALLE_LOTE values (7,53,50,0.90);
Insert into DETALLE_LOTE values (8,54,20,1.20);
Insert into DETALLE_LOTE values (9,55,50,2.30);
Insert into DETALLE_LOTE values (4,56,40,0.90);
Insert into DETALLE_LOTE values (5,57,50,3.80);
Insert into DETALLE_LOTE values (6,58,300,9.90);
Insert into DETALLE_LOTE values (7,59,120,2.80);
Insert into DETALLE_LOTE values (8,60,59,3.00);

-- INVENTARIO-

Insert into INVENTARIO (SUCURSAL_CODIGO,PRODUCTOS_CODIGO,INVENTARIO_CANTIDAD_BODEGA) values (1,1,50);
Insert into INVENTARIO (SUCURSAL_CODIGO,PRODUCTOS_CODIGO,INVENTARIO_CANTIDAD_BODEGA) values (1,2,12);
Insert into INVENTARIO (SUCURSAL_CODIGO,PRODUCTOS_CODIGO,INVENTARIO_CANTIDAD_BODEGA) values (1,3,12);
Insert into INVENTARIO (SUCURSAL_CODIGO,PRODUCTOS_CODIGO,INVENTARIO_CANTIDAD_BODEGA) values (1,4,12);
Insert into INVENTARIO (SUCURSAL_CODIGO,PRODUCTOS_CODIGO,INVENTARIO_CANTIDAD_BODEGA) values (1,5,12);
Insert into INVENTARIO (SUCURSAL_CODIGO,PRODUCTOS_CODIGO,INVENTARIO_CANTIDAD_BODEGA) values (1,6,50);
Insert into INVENTARIO (SUCURSAL_CODIGO,PRODUCTOS_CODIGO,INVENTARIO_CANTIDAD_BODEGA) values (1,7,50);
Insert into INVENTARIO (SUCURSAL_CODIGO,PRODUCTOS_CODIGO,INVENTARIO_CANTIDAD_BODEGA) values (1,8,50);
Insert into INVENTARIO (SUCURSAL_CODIGO,PRODUCTOS_CODIGO,INVENTARIO_CANTIDAD_BODEGA) values (1,9,50);
Insert into INVENTARIO (SUCURSAL_CODIGO,PRODUCTOS_CODIGO,INVENTARIO_CANTIDAD_BODEGA) values (1,10,50);
Insert into INVENTARIO (SUCURSAL_CODIGO,PRODUCTOS_CODIGO,INVENTARIO_CANTIDAD_BODEGA) values (1,11,50);
Insert into INVENTARIO (SUCURSAL_CODIGO,PRODUCTOS_CODIGO,INVENTARIO_CANTIDAD_BODEGA) values (1,12,50);
Insert into INVENTARIO (SUCURSAL_CODIGO,PRODUCTOS_CODIGO,INVENTARIO_CANTIDAD_BODEGA) values (1,13,50);
Insert into INVENTARIO (SUCURSAL_CODIGO,PRODUCTOS_CODIGO,INVENTARIO_CANTIDAD_BODEGA) values (1,14,50);
Insert into INVENTARIO (SUCURSAL_CODIGO,PRODUCTOS_CODIGO,INVENTARIO_CANTIDAD_BODEGA) values (1,15,50);
Insert into INVENTARIO (SUCURSAL_CODIGO,PRODUCTOS_CODIGO,INVENTARIO_CANTIDAD_BODEGA) values (1,16,50);
Insert into INVENTARIO (SUCURSAL_CODIGO,PRODUCTOS_CODIGO,INVENTARIO_CANTIDAD_BODEGA) values (1,17,50);
Insert into INVENTARIO (SUCURSAL_CODIGO,PRODUCTOS_CODIGO,INVENTARIO_CANTIDAD_BODEGA) values (1,18,12);
Insert into INVENTARIO (SUCURSAL_CODIGO,PRODUCTOS_CODIGO,INVENTARIO_CANTIDAD_BODEGA) values (1,19,50);
Insert into INVENTARIO (SUCURSAL_CODIGO,PRODUCTOS_CODIGO,INVENTARIO_CANTIDAD_BODEGA) values (1,20,50);
Insert into INVENTARIO (SUCURSAL_CODIGO,PRODUCTOS_CODIGO,INVENTARIO_CANTIDAD_BODEGA) values (1,21,50);
Insert into INVENTARIO (SUCURSAL_CODIGO,PRODUCTOS_CODIGO,INVENTARIO_CANTIDAD_BODEGA) values (1,22,50);
Insert into INVENTARIO (SUCURSAL_CODIGO,PRODUCTOS_CODIGO,INVENTARIO_CANTIDAD_BODEGA) values (1,23,50);
Insert into INVENTARIO (SUCURSAL_CODIGO,PRODUCTOS_CODIGO,INVENTARIO_CANTIDAD_BODEGA) values (1,25,50);
Insert into INVENTARIO (SUCURSAL_CODIGO,PRODUCTOS_CODIGO,INVENTARIO_CANTIDAD_BODEGA) values (1,26,50);
Insert into INVENTARIO (SUCURSAL_CODIGO,PRODUCTOS_CODIGO,INVENTARIO_CANTIDAD_BODEGA) values (1,27,50);
Insert into INVENTARIO (SUCURSAL_CODIGO,PRODUCTOS_CODIGO,INVENTARIO_CANTIDAD_BODEGA) values (1,28,50);
Insert into INVENTARIO (SUCURSAL_CODIGO,PRODUCTOS_CODIGO,INVENTARIO_CANTIDAD_BODEGA) values (1,29,50);
Insert into INVENTARIO (SUCURSAL_CODIGO,PRODUCTOS_CODIGO,INVENTARIO_CANTIDAD_BODEGA) values (1,30,50);
Insert into INVENTARIO (SUCURSAL_CODIGO,PRODUCTOS_CODIGO,INVENTARIO_CANTIDAD_BODEGA) values (1,31,12);
Insert into INVENTARIO (SUCURSAL_CODIGO,PRODUCTOS_CODIGO,INVENTARIO_CANTIDAD_BODEGA) values (1,32,50);
Insert into INVENTARIO (SUCURSAL_CODIGO,PRODUCTOS_CODIGO,INVENTARIO_CANTIDAD_BODEGA) values (1,33,12);
Insert into INVENTARIO (SUCURSAL_CODIGO,PRODUCTOS_CODIGO,INVENTARIO_CANTIDAD_BODEGA) values (1,34,50);
Insert into INVENTARIO (SUCURSAL_CODIGO,PRODUCTOS_CODIGO,INVENTARIO_CANTIDAD_BODEGA) values (1,35,50);
Insert into INVENTARIO (SUCURSAL_CODIGO,PRODUCTOS_CODIGO,INVENTARIO_CANTIDAD_BODEGA) values (1,36,50);
Insert into INVENTARIO (SUCURSAL_CODIGO,PRODUCTOS_CODIGO,INVENTARIO_CANTIDAD_BODEGA) values (1,37,50);
Insert into INVENTARIO (SUCURSAL_CODIGO,PRODUCTOS_CODIGO,INVENTARIO_CANTIDAD_BODEGA) values (1,38,50);
Insert into INVENTARIO (SUCURSAL_CODIGO,PRODUCTOS_CODIGO,INVENTARIO_CANTIDAD_BODEGA) values (1,39,50);
Insert into INVENTARIO (SUCURSAL_CODIGO,PRODUCTOS_CODIGO,INVENTARIO_CANTIDAD_BODEGA) values (1,40,50);
Insert into INVENTARIO (SUCURSAL_CODIGO,PRODUCTOS_CODIGO,INVENTARIO_CANTIDAD_BODEGA) values (1,41,50);
Insert into INVENTARIO (SUCURSAL_CODIGO,PRODUCTOS_CODIGO,INVENTARIO_CANTIDAD_BODEGA) values (1,42,12);
Insert into INVENTARIO (SUCURSAL_CODIGO,PRODUCTOS_CODIGO,INVENTARIO_CANTIDAD_BODEGA) values (1,43,50);
Insert into INVENTARIO (SUCURSAL_CODIGO,PRODUCTOS_CODIGO,INVENTARIO_CANTIDAD_BODEGA) values (1,44,50);
Insert into INVENTARIO (SUCURSAL_CODIGO,PRODUCTOS_CODIGO,INVENTARIO_CANTIDAD_BODEGA) values (1,45,50);
Insert into INVENTARIO (SUCURSAL_CODIGO,PRODUCTOS_CODIGO,INVENTARIO_CANTIDAD_BODEGA) values (1,46,50);
Insert into INVENTARIO (SUCURSAL_CODIGO,PRODUCTOS_CODIGO,INVENTARIO_CANTIDAD_BODEGA) values (1,47,50);
Insert into INVENTARIO (SUCURSAL_CODIGO,PRODUCTOS_CODIGO,INVENTARIO_CANTIDAD_BODEGA) values (1,48,50);
Insert into INVENTARIO (SUCURSAL_CODIGO,PRODUCTOS_CODIGO,INVENTARIO_CANTIDAD_BODEGA) values (1,49,50);
Insert into INVENTARIO (SUCURSAL_CODIGO,PRODUCTOS_CODIGO,INVENTARIO_CANTIDAD_BODEGA) values (1,50,50);
Insert into INVENTARIO (SUCURSAL_CODIGO,PRODUCTOS_CODIGO,INVENTARIO_CANTIDAD_BODEGA) values (1,51,50);
Insert into INVENTARIO (SUCURSAL_CODIGO,PRODUCTOS_CODIGO,INVENTARIO_CANTIDAD_BODEGA) values (1,52,50);
Insert into INVENTARIO (SUCURSAL_CODIGO,PRODUCTOS_CODIGO,INVENTARIO_CANTIDAD_BODEGA) values (1,53,50);
Insert into INVENTARIO (SUCURSAL_CODIGO,PRODUCTOS_CODIGO,INVENTARIO_CANTIDAD_BODEGA) values (1,54,50);
Insert into INVENTARIO (SUCURSAL_CODIGO,PRODUCTOS_CODIGO,INVENTARIO_CANTIDAD_BODEGA) values (1,55,50);
Insert into INVENTARIO (SUCURSAL_CODIGO,PRODUCTOS_CODIGO,INVENTARIO_CANTIDAD_BODEGA) values (1,56,50);
Insert into INVENTARIO (SUCURSAL_CODIGO,PRODUCTOS_CODIGO,INVENTARIO_CANTIDAD_BODEGA) values (1,57,50);
Insert into INVENTARIO (SUCURSAL_CODIGO,PRODUCTOS_CODIGO,INVENTARIO_CANTIDAD_BODEGA) values (1,58,50);
Insert into INVENTARIO (SUCURSAL_CODIGO,PRODUCTOS_CODIGO,INVENTARIO_CANTIDAD_BODEGA) values (1,59,50);
Insert into INVENTARIO (SUCURSAL_CODIGO,PRODUCTOS_CODIGO,INVENTARIO_CANTIDAD_BODEGA) values (1,60,50);
Insert into INVENTARIO (SUCURSAL_CODIGO,PRODUCTOS_CODIGO,INVENTARIO_CANTIDAD_BODEGA) values (1,61,50);
Insert into INVENTARIO (SUCURSAL_CODIGO,PRODUCTOS_CODIGO,INVENTARIO_CANTIDAD_BODEGA) values (1,62,50);
Insert into INVENTARIO (SUCURSAL_CODIGO,PRODUCTOS_CODIGO,INVENTARIO_CANTIDAD_BODEGA) values (1,63,50);
Insert into INVENTARIO (SUCURSAL_CODIGO,PRODUCTOS_CODIGO,INVENTARIO_CANTIDAD_BODEGA) values (1,64,50);
Insert into INVENTARIO (SUCURSAL_CODIGO,PRODUCTOS_CODIGO,INVENTARIO_CANTIDAD_BODEGA) values (1,65,50);
Insert into INVENTARIO (SUCURSAL_CODIGO,PRODUCTOS_CODIGO,INVENTARIO_CANTIDAD_BODEGA) values (1,66,50);
Insert into INVENTARIO (SUCURSAL_CODIGO,PRODUCTOS_CODIGO,INVENTARIO_CANTIDAD_BODEGA) values (1,67,50);
Insert into INVENTARIO (SUCURSAL_CODIGO,PRODUCTOS_CODIGO,INVENTARIO_CANTIDAD_BODEGA) values (1,68,50);
Insert into INVENTARIO (SUCURSAL_CODIGO,PRODUCTOS_CODIGO,INVENTARIO_CANTIDAD_BODEGA) values (1,69,50);
Insert into INVENTARIO (SUCURSAL_CODIGO,PRODUCTOS_CODIGO,INVENTARIO_CANTIDAD_BODEGA) values (1,70,50);
Insert into INVENTARIO (SUCURSAL_CODIGO,PRODUCTOS_CODIGO,INVENTARIO_CANTIDAD_BODEGA) values (1,71,50);
Insert into INVENTARIO (SUCURSAL_CODIGO,PRODUCTOS_CODIGO,INVENTARIO_CANTIDAD_BODEGA) values (1,72,50);
Insert into INVENTARIO (SUCURSAL_CODIGO,PRODUCTOS_CODIGO,INVENTARIO_CANTIDAD_BODEGA) values (1,73,12);
Insert into INVENTARIO (SUCURSAL_CODIGO,PRODUCTOS_CODIGO,INVENTARIO_CANTIDAD_BODEGA) values (1,74,50);
Insert into INVENTARIO (SUCURSAL_CODIGO,PRODUCTOS_CODIGO,INVENTARIO_CANTIDAD_BODEGA) values (1,75,50);
Insert into INVENTARIO (SUCURSAL_CODIGO,PRODUCTOS_CODIGO,INVENTARIO_CANTIDAD_BODEGA) values (2,1,50);
Insert into INVENTARIO (SUCURSAL_CODIGO,PRODUCTOS_CODIGO,INVENTARIO_CANTIDAD_BODEGA) values (2,2,12);
Insert into INVENTARIO (SUCURSAL_CODIGO,PRODUCTOS_CODIGO,INVENTARIO_CANTIDAD_BODEGA) values (2,3,12);
Insert into INVENTARIO (SUCURSAL_CODIGO,PRODUCTOS_CODIGO,INVENTARIO_CANTIDAD_BODEGA) values (2,4,12);
Insert into INVENTARIO (SUCURSAL_CODIGO,PRODUCTOS_CODIGO,INVENTARIO_CANTIDAD_BODEGA) values (2,5,12);
Insert into INVENTARIO (SUCURSAL_CODIGO,PRODUCTOS_CODIGO,INVENTARIO_CANTIDAD_BODEGA) values (2,6,50);
Insert into INVENTARIO (SUCURSAL_CODIGO,PRODUCTOS_CODIGO,INVENTARIO_CANTIDAD_BODEGA) values (2,7,50);
Insert into INVENTARIO (SUCURSAL_CODIGO,PRODUCTOS_CODIGO,INVENTARIO_CANTIDAD_BODEGA) values (2,8,50);
Insert into INVENTARIO (SUCURSAL_CODIGO,PRODUCTOS_CODIGO,INVENTARIO_CANTIDAD_BODEGA) values (2,9,50);
Insert into INVENTARIO (SUCURSAL_CODIGO,PRODUCTOS_CODIGO,INVENTARIO_CANTIDAD_BODEGA) values (2,10,50);
Insert into INVENTARIO (SUCURSAL_CODIGO,PRODUCTOS_CODIGO,INVENTARIO_CANTIDAD_BODEGA) values (2,11,50);
Insert into INVENTARIO (SUCURSAL_CODIGO,PRODUCTOS_CODIGO,INVENTARIO_CANTIDAD_BODEGA) values (2,12,50);
Insert into INVENTARIO (SUCURSAL_CODIGO,PRODUCTOS_CODIGO,INVENTARIO_CANTIDAD_BODEGA) values (2,13,50);
Insert into INVENTARIO (SUCURSAL_CODIGO,PRODUCTOS_CODIGO,INVENTARIO_CANTIDAD_BODEGA) values (2,14,50);
Insert into INVENTARIO (SUCURSAL_CODIGO,PRODUCTOS_CODIGO,INVENTARIO_CANTIDAD_BODEGA) values (2,15,50);
Insert into INVENTARIO (SUCURSAL_CODIGO,PRODUCTOS_CODIGO,INVENTARIO_CANTIDAD_BODEGA) values (2,16,50);
Insert into INVENTARIO (SUCURSAL_CODIGO,PRODUCTOS_CODIGO,INVENTARIO_CANTIDAD_BODEGA) values (2,17,50);
Insert into INVENTARIO (SUCURSAL_CODIGO,PRODUCTOS_CODIGO,INVENTARIO_CANTIDAD_BODEGA) values (2,18,12);
Insert into INVENTARIO (SUCURSAL_CODIGO,PRODUCTOS_CODIGO,INVENTARIO_CANTIDAD_BODEGA) values (2,19,50);
Insert into INVENTARIO (SUCURSAL_CODIGO,PRODUCTOS_CODIGO,INVENTARIO_CANTIDAD_BODEGA) values (2,20,50);
Insert into INVENTARIO (SUCURSAL_CODIGO,PRODUCTOS_CODIGO,INVENTARIO_CANTIDAD_BODEGA) values (2,21,50);
Insert into INVENTARIO (SUCURSAL_CODIGO,PRODUCTOS_CODIGO,INVENTARIO_CANTIDAD_BODEGA) values (2,22,50);
Insert into INVENTARIO (SUCURSAL_CODIGO,PRODUCTOS_CODIGO,INVENTARIO_CANTIDAD_BODEGA) values (2,23,50);
Insert into INVENTARIO (SUCURSAL_CODIGO,PRODUCTOS_CODIGO,INVENTARIO_CANTIDAD_BODEGA) values (2,25,50);
Insert into INVENTARIO (SUCURSAL_CODIGO,PRODUCTOS_CODIGO,INVENTARIO_CANTIDAD_BODEGA) values (2,26,50);
Insert into INVENTARIO (SUCURSAL_CODIGO,PRODUCTOS_CODIGO,INVENTARIO_CANTIDAD_BODEGA) values (2,27,50);
Insert into INVENTARIO (SUCURSAL_CODIGO,PRODUCTOS_CODIGO,INVENTARIO_CANTIDAD_BODEGA) values (2,28,50);
Insert into INVENTARIO (SUCURSAL_CODIGO,PRODUCTOS_CODIGO,INVENTARIO_CANTIDAD_BODEGA) values (2,29,50);
Insert into INVENTARIO (SUCURSAL_CODIGO,PRODUCTOS_CODIGO,INVENTARIO_CANTIDAD_BODEGA) values (2,30,50);
Insert into INVENTARIO (SUCURSAL_CODIGO,PRODUCTOS_CODIGO,INVENTARIO_CANTIDAD_BODEGA) values (2,31,12);
Insert into INVENTARIO (SUCURSAL_CODIGO,PRODUCTOS_CODIGO,INVENTARIO_CANTIDAD_BODEGA) values (2,32,50);
Insert into INVENTARIO (SUCURSAL_CODIGO,PRODUCTOS_CODIGO,INVENTARIO_CANTIDAD_BODEGA) values (2,33,12);
Insert into INVENTARIO (SUCURSAL_CODIGO,PRODUCTOS_CODIGO,INVENTARIO_CANTIDAD_BODEGA) values (2,34,50);
Insert into INVENTARIO (SUCURSAL_CODIGO,PRODUCTOS_CODIGO,INVENTARIO_CANTIDAD_BODEGA) values (2,35,50);
Insert into INVENTARIO (SUCURSAL_CODIGO,PRODUCTOS_CODIGO,INVENTARIO_CANTIDAD_BODEGA) values (2,36,50);
Insert into INVENTARIO (SUCURSAL_CODIGO,PRODUCTOS_CODIGO,INVENTARIO_CANTIDAD_BODEGA) values (2,37,50);
Insert into INVENTARIO (SUCURSAL_CODIGO,PRODUCTOS_CODIGO,INVENTARIO_CANTIDAD_BODEGA) values (2,38,50);
Insert into INVENTARIO (SUCURSAL_CODIGO,PRODUCTOS_CODIGO,INVENTARIO_CANTIDAD_BODEGA) values (2,39,50);
Insert into INVENTARIO (SUCURSAL_CODIGO,PRODUCTOS_CODIGO,INVENTARIO_CANTIDAD_BODEGA) values (2,40,50);
Insert into INVENTARIO (SUCURSAL_CODIGO,PRODUCTOS_CODIGO,INVENTARIO_CANTIDAD_BODEGA) values (2,41,50);
Insert into INVENTARIO (SUCURSAL_CODIGO,PRODUCTOS_CODIGO,INVENTARIO_CANTIDAD_BODEGA) values (2,42,12);
Insert into INVENTARIO (SUCURSAL_CODIGO,PRODUCTOS_CODIGO,INVENTARIO_CANTIDAD_BODEGA) values (2,43,50);
Insert into INVENTARIO (SUCURSAL_CODIGO,PRODUCTOS_CODIGO,INVENTARIO_CANTIDAD_BODEGA) values (2,44,50);
Insert into INVENTARIO (SUCURSAL_CODIGO,PRODUCTOS_CODIGO,INVENTARIO_CANTIDAD_BODEGA) values (2,45,50);
Insert into INVENTARIO (SUCURSAL_CODIGO,PRODUCTOS_CODIGO,INVENTARIO_CANTIDAD_BODEGA) values (2,46,50);
Insert into INVENTARIO (SUCURSAL_CODIGO,PRODUCTOS_CODIGO,INVENTARIO_CANTIDAD_BODEGA) values (2,47,50);
Insert into INVENTARIO (SUCURSAL_CODIGO,PRODUCTOS_CODIGO,INVENTARIO_CANTIDAD_BODEGA) values (2,48,50);
Insert into INVENTARIO (SUCURSAL_CODIGO,PRODUCTOS_CODIGO,INVENTARIO_CANTIDAD_BODEGA) values (2,49,50);
Insert into INVENTARIO (SUCURSAL_CODIGO,PRODUCTOS_CODIGO,INVENTARIO_CANTIDAD_BODEGA) values (2,50,50);
Insert into INVENTARIO (SUCURSAL_CODIGO,PRODUCTOS_CODIGO,INVENTARIO_CANTIDAD_BODEGA) values (2,51,50);
Insert into INVENTARIO (SUCURSAL_CODIGO,PRODUCTOS_CODIGO,INVENTARIO_CANTIDAD_BODEGA) values (2,52,50);
Insert into INVENTARIO (SUCURSAL_CODIGO,PRODUCTOS_CODIGO,INVENTARIO_CANTIDAD_BODEGA) values (2,53,50);
Insert into INVENTARIO (SUCURSAL_CODIGO,PRODUCTOS_CODIGO,INVENTARIO_CANTIDAD_BODEGA) values (2,54,50);
Insert into INVENTARIO (SUCURSAL_CODIGO,PRODUCTOS_CODIGO,INVENTARIO_CANTIDAD_BODEGA) values (2,55,50);
Insert into INVENTARIO (SUCURSAL_CODIGO,PRODUCTOS_CODIGO,INVENTARIO_CANTIDAD_BODEGA) values (2,56,50);
Insert into INVENTARIO (SUCURSAL_CODIGO,PRODUCTOS_CODIGO,INVENTARIO_CANTIDAD_BODEGA) values (2,57,50);
Insert into INVENTARIO (SUCURSAL_CODIGO,PRODUCTOS_CODIGO,INVENTARIO_CANTIDAD_BODEGA) values (2,58,50);
Insert into INVENTARIO (SUCURSAL_CODIGO,PRODUCTOS_CODIGO,INVENTARIO_CANTIDAD_BODEGA) values (2,59,50);
Insert into INVENTARIO (SUCURSAL_CODIGO,PRODUCTOS_CODIGO,INVENTARIO_CANTIDAD_BODEGA) values (2,60,50);
Insert into INVENTARIO (SUCURSAL_CODIGO,PRODUCTOS_CODIGO,INVENTARIO_CANTIDAD_BODEGA) values (2,61,50);
Insert into INVENTARIO (SUCURSAL_CODIGO,PRODUCTOS_CODIGO,INVENTARIO_CANTIDAD_BODEGA) values (2,62,50);
Insert into INVENTARIO (SUCURSAL_CODIGO,PRODUCTOS_CODIGO,INVENTARIO_CANTIDAD_BODEGA) values (2,63,50);
Insert into INVENTARIO (SUCURSAL_CODIGO,PRODUCTOS_CODIGO,INVENTARIO_CANTIDAD_BODEGA) values (2,64,50);
Insert into INVENTARIO (SUCURSAL_CODIGO,PRODUCTOS_CODIGO,INVENTARIO_CANTIDAD_BODEGA) values (2,65,50);
Insert into INVENTARIO (SUCURSAL_CODIGO,PRODUCTOS_CODIGO,INVENTARIO_CANTIDAD_BODEGA) values (2,66,50);
Insert into INVENTARIO (SUCURSAL_CODIGO,PRODUCTOS_CODIGO,INVENTARIO_CANTIDAD_BODEGA) values (2,67,50);
Insert into INVENTARIO (SUCURSAL_CODIGO,PRODUCTOS_CODIGO,INVENTARIO_CANTIDAD_BODEGA) values (2,68,50);
Insert into INVENTARIO (SUCURSAL_CODIGO,PRODUCTOS_CODIGO,INVENTARIO_CANTIDAD_BODEGA) values (2,69,50);
Insert into INVENTARIO (SUCURSAL_CODIGO,PRODUCTOS_CODIGO,INVENTARIO_CANTIDAD_BODEGA) values (2,70,50);
Insert into INVENTARIO (SUCURSAL_CODIGO,PRODUCTOS_CODIGO,INVENTARIO_CANTIDAD_BODEGA) values (2,71,50);
Insert into INVENTARIO (SUCURSAL_CODIGO,PRODUCTOS_CODIGO,INVENTARIO_CANTIDAD_BODEGA) values (2,72,50);
Insert into INVENTARIO (SUCURSAL_CODIGO,PRODUCTOS_CODIGO,INVENTARIO_CANTIDAD_BODEGA) values (2,73,12);
Insert into INVENTARIO (SUCURSAL_CODIGO,PRODUCTOS_CODIGO,INVENTARIO_CANTIDAD_BODEGA) values (2,74,50);
Insert into INVENTARIO (SUCURSAL_CODIGO,PRODUCTOS_CODIGO,INVENTARIO_CANTIDAD_BODEGA) values (2,75,50);
Insert into INVENTARIO (SUCURSAL_CODIGO,PRODUCTOS_CODIGO,INVENTARIO_CANTIDAD_BODEGA) values (3,1,50);
Insert into INVENTARIO (SUCURSAL_CODIGO,PRODUCTOS_CODIGO,INVENTARIO_CANTIDAD_BODEGA) values (3,2,12);
Insert into INVENTARIO (SUCURSAL_CODIGO,PRODUCTOS_CODIGO,INVENTARIO_CANTIDAD_BODEGA) values (3,3,12);
Insert into INVENTARIO (SUCURSAL_CODIGO,PRODUCTOS_CODIGO,INVENTARIO_CANTIDAD_BODEGA) values (3,4,12);
Insert into INVENTARIO (SUCURSAL_CODIGO,PRODUCTOS_CODIGO,INVENTARIO_CANTIDAD_BODEGA) values (3,5,12);
Insert into INVENTARIO (SUCURSAL_CODIGO,PRODUCTOS_CODIGO,INVENTARIO_CANTIDAD_BODEGA) values (3,6,50);
Insert into INVENTARIO (SUCURSAL_CODIGO,PRODUCTOS_CODIGO,INVENTARIO_CANTIDAD_BODEGA) values (3,7,50);
Insert into INVENTARIO (SUCURSAL_CODIGO,PRODUCTOS_CODIGO,INVENTARIO_CANTIDAD_BODEGA) values (3,8,50);
Insert into INVENTARIO (SUCURSAL_CODIGO,PRODUCTOS_CODIGO,INVENTARIO_CANTIDAD_BODEGA) values (3,9,50);
Insert into INVENTARIO (SUCURSAL_CODIGO,PRODUCTOS_CODIGO,INVENTARIO_CANTIDAD_BODEGA) values (3,10,50);
Insert into INVENTARIO (SUCURSAL_CODIGO,PRODUCTOS_CODIGO,INVENTARIO_CANTIDAD_BODEGA) values (3,11,50);
Insert into INVENTARIO (SUCURSAL_CODIGO,PRODUCTOS_CODIGO,INVENTARIO_CANTIDAD_BODEGA) values (3,12,50);
Insert into INVENTARIO (SUCURSAL_CODIGO,PRODUCTOS_CODIGO,INVENTARIO_CANTIDAD_BODEGA) values (3,13,50);
Insert into INVENTARIO (SUCURSAL_CODIGO,PRODUCTOS_CODIGO,INVENTARIO_CANTIDAD_BODEGA) values (3,14,50);
Insert into INVENTARIO (SUCURSAL_CODIGO,PRODUCTOS_CODIGO,INVENTARIO_CANTIDAD_BODEGA) values (3,15,50);
Insert into INVENTARIO (SUCURSAL_CODIGO,PRODUCTOS_CODIGO,INVENTARIO_CANTIDAD_BODEGA) values (3,16,50);
Insert into INVENTARIO (SUCURSAL_CODIGO,PRODUCTOS_CODIGO,INVENTARIO_CANTIDAD_BODEGA) values (3,17,50);
Insert into INVENTARIO (SUCURSAL_CODIGO,PRODUCTOS_CODIGO,INVENTARIO_CANTIDAD_BODEGA) values (3,18,12);
Insert into INVENTARIO (SUCURSAL_CODIGO,PRODUCTOS_CODIGO,INVENTARIO_CANTIDAD_BODEGA) values (3,19,50);
Insert into INVENTARIO (SUCURSAL_CODIGO,PRODUCTOS_CODIGO,INVENTARIO_CANTIDAD_BODEGA) values (3,20,50);
Insert into INVENTARIO (SUCURSAL_CODIGO,PRODUCTOS_CODIGO,INVENTARIO_CANTIDAD_BODEGA) values (3,21,50);
Insert into INVENTARIO (SUCURSAL_CODIGO,PRODUCTOS_CODIGO,INVENTARIO_CANTIDAD_BODEGA) values (3,22,50);
Insert into INVENTARIO (SUCURSAL_CODIGO,PRODUCTOS_CODIGO,INVENTARIO_CANTIDAD_BODEGA) values (3,23,50);
Insert into INVENTARIO (SUCURSAL_CODIGO,PRODUCTOS_CODIGO,INVENTARIO_CANTIDAD_BODEGA) values (3,25,50);
Insert into INVENTARIO (SUCURSAL_CODIGO,PRODUCTOS_CODIGO,INVENTARIO_CANTIDAD_BODEGA) values (3,26,50);
Insert into INVENTARIO (SUCURSAL_CODIGO,PRODUCTOS_CODIGO,INVENTARIO_CANTIDAD_BODEGA) values (3,27,50);
Insert into INVENTARIO (SUCURSAL_CODIGO,PRODUCTOS_CODIGO,INVENTARIO_CANTIDAD_BODEGA) values (3,28,50);
Insert into INVENTARIO (SUCURSAL_CODIGO,PRODUCTOS_CODIGO,INVENTARIO_CANTIDAD_BODEGA) values (3,29,50);
Insert into INVENTARIO (SUCURSAL_CODIGO,PRODUCTOS_CODIGO,INVENTARIO_CANTIDAD_BODEGA) values (3,30,50);
Insert into INVENTARIO (SUCURSAL_CODIGO,PRODUCTOS_CODIGO,INVENTARIO_CANTIDAD_BODEGA) values (3,31,12);
Insert into INVENTARIO (SUCURSAL_CODIGO,PRODUCTOS_CODIGO,INVENTARIO_CANTIDAD_BODEGA) values (3,32,50);
Insert into INVENTARIO (SUCURSAL_CODIGO,PRODUCTOS_CODIGO,INVENTARIO_CANTIDAD_BODEGA) values (3,33,12);
Insert into INVENTARIO (SUCURSAL_CODIGO,PRODUCTOS_CODIGO,INVENTARIO_CANTIDAD_BODEGA) values (3,34,50);
Insert into INVENTARIO (SUCURSAL_CODIGO,PRODUCTOS_CODIGO,INVENTARIO_CANTIDAD_BODEGA) values (3,35,50);
Insert into INVENTARIO (SUCURSAL_CODIGO,PRODUCTOS_CODIGO,INVENTARIO_CANTIDAD_BODEGA) values (3,36,50);
Insert into INVENTARIO (SUCURSAL_CODIGO,PRODUCTOS_CODIGO,INVENTARIO_CANTIDAD_BODEGA) values (3,37,50);
Insert into INVENTARIO (SUCURSAL_CODIGO,PRODUCTOS_CODIGO,INVENTARIO_CANTIDAD_BODEGA) values (3,38,50);
Insert into INVENTARIO (SUCURSAL_CODIGO,PRODUCTOS_CODIGO,INVENTARIO_CANTIDAD_BODEGA) values (3,39,50);
Insert into INVENTARIO (SUCURSAL_CODIGO,PRODUCTOS_CODIGO,INVENTARIO_CANTIDAD_BODEGA) values (3,40,50);
Insert into INVENTARIO (SUCURSAL_CODIGO,PRODUCTOS_CODIGO,INVENTARIO_CANTIDAD_BODEGA) values (3,41,50);
Insert into INVENTARIO (SUCURSAL_CODIGO,PRODUCTOS_CODIGO,INVENTARIO_CANTIDAD_BODEGA) values (3,42,12);
Insert into INVENTARIO (SUCURSAL_CODIGO,PRODUCTOS_CODIGO,INVENTARIO_CANTIDAD_BODEGA) values (3,43,50);
Insert into INVENTARIO (SUCURSAL_CODIGO,PRODUCTOS_CODIGO,INVENTARIO_CANTIDAD_BODEGA) values (3,44,50);
Insert into INVENTARIO (SUCURSAL_CODIGO,PRODUCTOS_CODIGO,INVENTARIO_CANTIDAD_BODEGA) values (3,45,50);
Insert into INVENTARIO (SUCURSAL_CODIGO,PRODUCTOS_CODIGO,INVENTARIO_CANTIDAD_BODEGA) values (3,46,50);
Insert into INVENTARIO (SUCURSAL_CODIGO,PRODUCTOS_CODIGO,INVENTARIO_CANTIDAD_BODEGA) values (3,47,50);
Insert into INVENTARIO (SUCURSAL_CODIGO,PRODUCTOS_CODIGO,INVENTARIO_CANTIDAD_BODEGA) values (3,48,50);
Insert into INVENTARIO (SUCURSAL_CODIGO,PRODUCTOS_CODIGO,INVENTARIO_CANTIDAD_BODEGA) values (3,49,50);
Insert into INVENTARIO (SUCURSAL_CODIGO,PRODUCTOS_CODIGO,INVENTARIO_CANTIDAD_BODEGA) values (3,50,50);
Insert into INVENTARIO (SUCURSAL_CODIGO,PRODUCTOS_CODIGO,INVENTARIO_CANTIDAD_BODEGA) values (3,51,50);
Insert into INVENTARIO (SUCURSAL_CODIGO,PRODUCTOS_CODIGO,INVENTARIO_CANTIDAD_BODEGA) values (3,52,50);
Insert into INVENTARIO (SUCURSAL_CODIGO,PRODUCTOS_CODIGO,INVENTARIO_CANTIDAD_BODEGA) values (3,53,50);
Insert into INVENTARIO (SUCURSAL_CODIGO,PRODUCTOS_CODIGO,INVENTARIO_CANTIDAD_BODEGA) values (3,54,50);
Insert into INVENTARIO (SUCURSAL_CODIGO,PRODUCTOS_CODIGO,INVENTARIO_CANTIDAD_BODEGA) values (3,55,50);
Insert into INVENTARIO (SUCURSAL_CODIGO,PRODUCTOS_CODIGO,INVENTARIO_CANTIDAD_BODEGA) values (3,56,50);
Insert into INVENTARIO (SUCURSAL_CODIGO,PRODUCTOS_CODIGO,INVENTARIO_CANTIDAD_BODEGA) values (3,57,50);
Insert into INVENTARIO (SUCURSAL_CODIGO,PRODUCTOS_CODIGO,INVENTARIO_CANTIDAD_BODEGA) values (3,58,50);
Insert into INVENTARIO (SUCURSAL_CODIGO,PRODUCTOS_CODIGO,INVENTARIO_CANTIDAD_BODEGA) values (3,59,50);
Insert into INVENTARIO (SUCURSAL_CODIGO,PRODUCTOS_CODIGO,INVENTARIO_CANTIDAD_BODEGA) values (3,60,50);
Insert into INVENTARIO (SUCURSAL_CODIGO,PRODUCTOS_CODIGO,INVENTARIO_CANTIDAD_BODEGA) values (3,61,50);
Insert into INVENTARIO (SUCURSAL_CODIGO,PRODUCTOS_CODIGO,INVENTARIO_CANTIDAD_BODEGA) values (3,62,50);
Insert into INVENTARIO (SUCURSAL_CODIGO,PRODUCTOS_CODIGO,INVENTARIO_CANTIDAD_BODEGA) values (3,63,50);
Insert into INVENTARIO (SUCURSAL_CODIGO,PRODUCTOS_CODIGO,INVENTARIO_CANTIDAD_BODEGA) values (3,64,50);
Insert into INVENTARIO (SUCURSAL_CODIGO,PRODUCTOS_CODIGO,INVENTARIO_CANTIDAD_BODEGA) values (3,65,50);
Insert into INVENTARIO (SUCURSAL_CODIGO,PRODUCTOS_CODIGO,INVENTARIO_CANTIDAD_BODEGA) values (3,66,50);
Insert into INVENTARIO (SUCURSAL_CODIGO,PRODUCTOS_CODIGO,INVENTARIO_CANTIDAD_BODEGA) values (3,67,50);
Insert into INVENTARIO (SUCURSAL_CODIGO,PRODUCTOS_CODIGO,INVENTARIO_CANTIDAD_BODEGA) values (3,68,50);
Insert into INVENTARIO (SUCURSAL_CODIGO,PRODUCTOS_CODIGO,INVENTARIO_CANTIDAD_BODEGA) values (3,69,50);
Insert into INVENTARIO (SUCURSAL_CODIGO,PRODUCTOS_CODIGO,INVENTARIO_CANTIDAD_BODEGA) values (3,70,50);
Insert into INVENTARIO (SUCURSAL_CODIGO,PRODUCTOS_CODIGO,INVENTARIO_CANTIDAD_BODEGA) values (3,71,50);
Insert into INVENTARIO (SUCURSAL_CODIGO,PRODUCTOS_CODIGO,INVENTARIO_CANTIDAD_BODEGA) values (3,72,50);
Insert into INVENTARIO (SUCURSAL_CODIGO,PRODUCTOS_CODIGO,INVENTARIO_CANTIDAD_BODEGA) values (3,73,12);
Insert into INVENTARIO (SUCURSAL_CODIGO,PRODUCTOS_CODIGO,INVENTARIO_CANTIDAD_BODEGA) values (3,74,50);
Insert into INVENTARIO (SUCURSAL_CODIGO,PRODUCTOS_CODIGO,INVENTARIO_CANTIDAD_BODEGA) values (3,75,50);


--PERMISO
insert into PERMISO VALUES(1,'GEGE',false, false, true, false);
insert into PERMISO VALUES(2,'JRHU',false, false, false, true);
insert into PERMISO VALUES(3,'JEBO',true, false, false, false);
insert into PERMISO VALUES(4,'VEND',false, true, false, false);

--TIPO CLIENTE
insert into TIPO_CLIENTE values(1,'Normal',0);
insert into TIPO_CLIENTE values(2,'Afiliado',0.2);
insert into TIPO_CLIENTE values(3,'Peferencial',0.1);
insert into TIPO_CLIENTE values(4,'Tercera Edad',0.1);


--CLIENTE
insert into CLIENTE values(1315252447,1,'1315252447001', 'Gonzales Zambrano', 'Selena',21554514,'Calle 18, Avenidad 11', 'symurmendoza@gmail.com','Femenino');
insert into CLIENTE values(1315332336,1,'1315332336001', 'Matuano Holguin', 'Juan',21458594,'Calle 20, Avenidad 8', 'symurmendoza@gmail.com','Masculino');
insert into CLIENTE values(1315452557,1,'1315452557001','Garcia Lopez', 'Adriana',23457891,'Calle 24, Avenidad 6', 'symurmendoza@gmail.com','Femenino');
insert into CLIENTE values(1315459245,1,'1315459245001', 'Gomez Ramires', 'Maria',25467942,'Calle 27, Avenidad 10', 'symurmendoza@gmail.com','Femenino');
insert into CLIENTE values(1315469452,2,'1315469452001', 'Fernandez Falconi', 'Olga',23485554,'Calle 20, Avenidad 8', 'symurmendoza@gmail.com','Femenino');
insert into CLIENTE values(1315478897,2,'1315478897001', 'Domingues Zamora Zambrano', 'Luis',23552558,'Calle 13, Avenidad 5', 'symurmendoza@gmail.com','Masculino');
insert into CLIENTE values(1315485415,3,'1315485415001', 'Toala Mendez', 'Vaneza',21574524,'Calle 12, Avenidad 22', 'symurmendoza@gmail.com','Masculino');
insert into CLIENTE values(1315485853,4,'1315485853001', 'Lutardo Anchundia', 'Carmen',23854851,'Calle 9, Avenidad 24', 'symurmendoza@gmail.com','Masculino');
insert into CLIENTE values(1315648258,3,'1315648258001', 'Holguin Macias', 'Juan',21646342,'Calle 8, Avenidad 21', 'symurmendoza@gmail.com','Masculino');
insert into CLIENTE values(1315748548,1,'1315748548001', 'Proaño Salamanca', 'Samanta',23155148,'Calle 17, Avenidad 13', 'symurmendoza@gmail.com','Femenino');


Insert into FACTURA values (1,1315252447,'2020-11-30',0,343.9,41.27,385.17,1,'E31');
Insert into DETALLE_FACTURA values (1,1,3,1,84.00);
Insert into DETALLE_FACTURA values (6,1,1,1,9.9);
Insert into DETALLE_FACTURA values (15,1,3,1,30);
Insert into DETALLE_FACTURA values (40,1,2,1,160.00);

Insert into FACTURA values (2,1315252447,'2020-11-30',0,63.65,7.64,71.29,1,'E31');
Insert into DETALLE_FACTURA values (10,2,1,1,0.85);
Insert into DETALLE_FACTURA values (60,2,1,1,2.80);
Insert into DETALLE_FACTURA values (35,2,2,1,48.00);
Insert into DETALLE_FACTURA values (20,2,1,1,12.00);


Insert into FACTURA values (3,1315332336,'2020-11-30',0,310.50,37.26,347.76,1,'E38');
Insert into DETALLE_FACTURA values (1,3,1,1,28.00);
Insert into DETALLE_FACTURA values (3,3,2,1,270.00);
Insert into DETALLE_FACTURA values (74,3,2,1,12.50);


Insert into FACTURA values (4,1315332336,'2020-11-30',0,11.7,1.4,13.1,1,'E37');
Insert into DETALLE_FACTURA values (6,4,1,1,9.90);
Insert into DETALLE_FACTURA values (7,4,1,1,1.80);

Insert into FACTURA values (5,1315452557,'2020-11-30',0,72.00,8.64,80.64,1,'E36');
Insert into DETALLE_FACTURA values (70,5,10,1,72.00);

Insert into FACTURA values (6,1315452557,'2020-11-30',0,329.40,39.53,368.93,1,'E35');
Insert into DETALLE_FACTURA values (1,6,1,1,28.00);
Insert into DETALLE_FACTURA values (2,6,1,1,125.00);
Insert into DETALLE_FACTURA values (40,6,1,1,80.00);
Insert into DETALLE_FACTURA values (45,6,1,1,8.00);
Insert into DETALLE_FACTURA values (19,6,4,1,60.00);
Insert into DETALLE_FACTURA values (28,6,1,1,12.00);
Insert into DETALLE_FACTURA values (41,6,3,1,3.60);
Insert into DETALLE_FACTURA values (47,6,1,1,12.80);

Insert into FACTURA values (7,1315459245,'2020-11-30',0,102.40,12.29,114.69,1,'E34');
Insert into DETALLE_FACTURA values (26,7,4,1,3.6);
Insert into DETALLE_FACTURA values (34,7,1,1,12.00);
Insert into DETALLE_FACTURA values (1,7,3,1,84.00);
Insert into DETALLE_FACTURA values (8,7,1,1,2.80);

Insert into FACTURA values (8,1315469452,'2020-11-30',22.10,110.50,13.26,121.40,1,'E33');
--tipo 2
Insert into DETALLE_FACTURA values (11,8,3,1,10.50);
Insert into DETALLE_FACTURA values (48,8,4,1,100.00);

Insert into FACTURA values (9,1315469452,'2020-11-30',5.6,28.00,3.36,25.76,1,'E32');
--tipo2
Insert into DETALLE_FACTURA values (1,9,1,1,28.00);

Insert into FACTURA values (10,1315469452,'2020-12-1',53.9,269.50,32.34,247.94,1,'E31');
Insert into DETALLE_FACTURA values (9,10,5,1,49.50);
Insert into DETALLE_FACTURA values (4,10,1,1,220.00);
Insert into FACTURA values (11,1315469452,'2020-12-1',3.2,16.00,1.92,14.74,1,'E38');
Insert into DETALLE_FACTURA values (33,11,1,1,9.80);
Insert into DETALLE_FACTURA values (44,11,1,1,6.20);
--tipo2
Insert into FACTURA values (12,1315478897,'2020-12-1',0.72,3.6,0.45,3.33,1,'E37');
--tipo 2
Insert into DETALLE_FACTURA values (7,12,2,1,3.6);

Insert into FACTURA values (13,1315478897,'2020-12-1',21.08,105.4,12.65,96.97,1,'E36');
Insert into DETALLE_FACTURA values (16,13,1,1,6.40);
Insert into DETALLE_FACTURA values (22,13,1,1,99.00);
--tipo2
Insert into FACTURA values (14,1315485415,'2020-12-1',11.9,119.00,14.28,121.38,1,'E35');
Insert into DETALLE_FACTURA values (57,14,10,1,9.00);
Insert into DETALLE_FACTURA values (5,14,1,1,110.00);
--tipo3
Insert into FACTURA values (15,1315485415,'2020-12-1',22.00,220.00,26.4,224.4,1,'E34');
Insert into DETALLE_FACTURA values (71,15,2,1,220.00);
--tipo3
Insert into FACTURA values (16,1315485415,'2020-11-30',0,100.00,12.00,112.00,2,'E33');
Insert into DETALLE_FACTURA values (57,16,10,2,9.00);
Insert into DETALLE_FACTURA values (5,16,1,2,110.00);
--tipo3
Insert into FACTURA values (17,1315485853,'2020-11-30',22.00,220.00,26.4,224.4,1,'E32');
Insert into DETALLE_FACTURA values (71,17,2,2,220.00);
--tipo4
Insert into FACTURA values (18,1315485853,'2020-11-30',22.00,220.00,26.4,224.4,2,'E31');
Insert into DETALLE_FACTURA values (71,18,2,2,220.00);
--tipo4
Insert into FACTURA values (19,1315485853,'2020-11-30',11.9,119.00,14.28,121.38,2,'E38');
Insert into DETALLE_FACTURA values (57,19,10,2,9.00);
Insert into DETALLE_FACTURA values (5,19,1,2,110.00);
--tipo4
Insert into FACTURA values (20,1315648258,'2020-12-1',28.00,280.00,33.60,285.60,2,'E37');
Insert into DETALLE_FACTURA values (1,20,10,2,280.00);
--tipo3
Insert into FACTURA values (21,1315332336,'2020-12-1',0,329.40,39.53,368.93,2,'E36');
Insert into DETALLE_FACTURA values (1,21,1,2,28.00);
Insert into DETALLE_FACTURA values (2,21,1,2,125.00);
Insert into DETALLE_FACTURA values (40,21,1,2,80.00);
Insert into DETALLE_FACTURA values (45,21,1,2,8.00);
Insert into DETALLE_FACTURA values (19,21,4,2,60.00);
Insert into DETALLE_FACTURA values (28,21,1,2,12.00);
Insert into DETALLE_FACTURA values (41,21,3,2,3.60);
Insert into DETALLE_FACTURA values (47,21,1,2,12.80);

Insert into FACTURA values (22,1315332336,'2020-12-1',0,343.9,41.27,385.17,3,'E35');
Insert into DETALLE_FACTURA values (1,22,3,3,84.00);
Insert into DETALLE_FACTURA values (6,22,1,3,9.9);
Insert into DETALLE_FACTURA values (15,22,3,3,30);
Insert into DETALLE_FACTURA values (40,22,2,3,160.00);

Insert into FACTURA values (23,1315332336,'2020-12-1',0,63.65,7.64,71.29,3,'E34');
Insert into DETALLE_FACTURA values (1,23,1,3,28.00);
Insert into DETALLE_FACTURA values (3,23,2,3,270.00);
Insert into DETALLE_FACTURA values (74,23,2,3,12.50);

Insert into FACTURA values (24,1315332336,'2020-11-30',0,310.50,37.26,347.76,3,'E33');
Insert into DETALLE_FACTURA values (1,24,1,3,28.00);
Insert into DETALLE_FACTURA values (3,24,2,3,270.00);
Insert into DETALLE_FACTURA values (74,24,2,3,12.50);

Insert into FACTURA values (25,1315332336,'2020-11-30',0,72.00,8.64,80.64,3,'E32');
Insert into DETALLE_FACTURA values (70,25,10,3,72.00);






